page,article_headline,article_timestamp,article_url
https://www.theguardian.com/world/coronavirus-outbreak/all,"Covid live news: Beta variant may evade vaccines, say experts as UK faces ‘protracted’ period of high infections rates ",2021-07-17T09:13:19+0000,https://www.theguardian.com/world/live/2021/jul/17/covid-live-news-beta-variant-may-evade-vaccines-say-experts-as-uk-faces-protracted-period-of-high-infections-rates
https://www.theguardian.com/world/coronavirus-outbreak/all,"Unvaccinated could be breeding ground for Covid variants, US officials fear",2021-07-17T09:00:57+0000,https://www.theguardian.com/world/2021/jul/17/unvaccinated-coronavirus-covid-variants-us
https://www.theguardian.com/world/coronavirus-outbreak/all,Holiday Covid tests: how to find the best by price and trust,2021-07-17T09:00:56+0000,https://www.theguardian.com/money/2021/jul/17/holiday-covid-tests-best-price-trust-time-provider
https://www.theguardian.com/world/coronavirus-outbreak/all,Tough new rules to combat outbreak as more than 100 infections recorded – as it happened,2021-07-17T08:58:57+0000,https://www.theguardian.com/australia-news/live/2021/jul/17/covid-australia-live-news-update-nsw-considers-tougher-lockdown-as-victorian-exposure-sites-rise
https://www.theguardian.com/world/coronavirus-outbreak/all,Covid countdown brings heartbreak and hope for Irish pubs,2021-07-17T07:00:55+0000,https://www.theguardian.com/world/2021/jul/17/covid-countdown-brings-heartbreak-and-hope-for-irish-pubs
https://www.theguardian.com/world/coronavirus-outbreak/all,"Couple left £1,400 out of pocket after holiday hotel is overbooked",2021-07-17T07:00:55+0000,https://www.theguardian.com/business/2021/jul/17/couple-hotel-overbooked-holiday-accommodation
https://www.theguardian.com/world/coronavirus-outbreak/all,Victoria Covid update: ‘enormous frustration’ as 19 new coronavirus cases reported,2021-07-17T06:53:14+0000,https://www.theguardian.com/australia-news/2021/jul/17/victoria-covid-update-enormous-frustration-as-19-new-coronavirus-cases-reported
https://www.theguardian.com/world/coronavirus-outbreak/all,Sydney lockdown shock as Gladys Berejiklian admits NSW has failed to ‘quash’ Covid outbreak,2021-07-17T06:28:01+0000,https://www.theguardian.com/australia-news/2021/jul/17/sydney-lockdown-shock-as-gladys-berejiklian-admits-nsw-has-failed-to-quash-covid-outbreak
https://www.theguardian.com/world/coronavirus-outbreak/all,Eight clubs tied up in Covid drama but AFL pushes on with round 18,2021-07-17T06:07:37+0000,https://www.theguardian.com/sport/2021/jul/17/covid-19-headache-worsens-for-afl-as-players-staff-forced-into-isolation
https://www.theguardian.com/world/coronavirus-outbreak/all,Scarborough predicts a bumper tourism season (if it can find enough staff),2021-07-17T06:00:54+0000,https://www.theguardian.com/business/2021/jul/17/scarborough-predicts-a-bumper-tourism-season-if-it-can-find-enough-staff
https://www.theguardian.com/world/coronavirus-outbreak/all,Pressure builds on ministers to reach a decision on Covid vaccines for children,2021-07-17T06:00:53+0000,https://www.theguardian.com/society/2021/jul/17/pressure-builds-on-ministers-to-reach-a-decision-on-covid-vaccines-for-children
https://www.theguardian.com/world/coronavirus-outbreak/all,Delays aggravate debate over Covid jabs for UK children,2021-07-17T06:00:53+0000,https://www.theguardian.com/world/2021/jul/17/delays-aggravate-debate-over-covid-jabs-for-uk-children
https://www.theguardian.com/world/coronavirus-outbreak/all,Tory jitters mount at political drift of Boris Johnson’s government ,2021-07-17T06:00:53+0000,https://www.theguardian.com/politics/2021/jul/17/tory-jitters-mount-at-political-drift-of-boris-johnsons-government
https://www.theguardian.com/world/coronavirus-outbreak/all,Scott Morrison urges Apec leaders to ramp up mRNA vaccine production and boasts of Australian economy,2021-07-17T05:32:25+0000,https://www.theguardian.com/australia-news/2021/jul/17/scott-morrison-urges-apec-leaders-to-ramp-up-mrna-vaccine-production-and-boasts-of-australian-economy
https://www.theguardian.com/world/coronavirus-outbreak/all,Train operators face calls to publish research on Covid risks,2021-07-17T05:00:52+0000,https://www.theguardian.com/uk-news/2021/jul/17/train-operators-face-calls-to-publish-research-on-covid-risks
https://www.theguardian.com/world/coronavirus-outbreak/all,Thailand bans public gatherings as Covid cases hit record high,2021-07-17T04:58:05+0000,https://www.theguardian.com/world/2021/jul/17/thailand-bans-public-gatherings-as-covid-cases-hit-record-high
https://www.theguardian.com/world/coronavirus-outbreak/all,New Sydney Covid lockdown restrictions: latest update to NSW coronavirus rules explained,2021-07-17T02:15:18+0000,https://www.theguardian.com/australia-news/2021/jul/16/sydney-covid-19-lockdown-restrictions-nsw-update-coronavirus-face-mask-rules-explained-greater-syd-masks-indoors-singing-dancing-weddings-public-transport-new-south-wales
https://www.theguardian.com/world/coronavirus-outbreak/all,‘They’re killing people’: Biden slams Facebook for Covid disinformation ,2021-07-17T02:04:13+0000,https://www.theguardian.com/media/2021/jul/17/theyre-killing-people-biden-slams-facebook-for-covid-misinformation
https://www.theguardian.com/world/coronavirus-outbreak/all,"China and Russia spreading anti-US vaccine misinformation, White House says – as it happened",2021-07-17T00:12:15+0000,https://www.theguardian.com/us-news/live/2021/jul/16/us-politics-live-covid-coronavirus-wildfires-biden-latest
https://www.theguardian.com/world/coronavirus-outbreak/all,Covid live news: Ardern blames spread of variants on ‘vaccine nationalism’; WHO calls for new Wuhan lab audit – as it happened ,2021-07-16T23:04:51+0000,https://www.theguardian.com/world/live/2021/jul/16/coronavirus-live-news-who-chief-calls-on-china-to-be-transparent-open-and-cooperate-record-cases-in-thailand
https://www.theguardian.com/world/coronavirus-outbreak?page=2,Record 35m people will be offered free flu jab to ease pressure on NHS,2021-07-16T23:01:44+0000,https://www.theguardian.com/uk-news/2021/jul/17/record-35m-people-will-be-offered-free-flu-jab-to-ease-pressure-on-nhs
https://www.theguardian.com/world/coronavirus-outbreak?page=2,Quarantine to remain for vaccinated UK travellers returning from France,2021-07-16T21:33:15+0000,https://www.theguardian.com/world/2021/jul/16/quarantine-to-remain-for-vaccinated-uk-travellers-returning-from-france
https://www.theguardian.com/world/coronavirus-outbreak?page=2,Twenty photographs of the week,2021-07-16T20:00:42+0000,https://www.theguardian.com/artanddesign/gallery/2021/jul/16/twenty-photographs-of-the-week
https://www.theguardian.com/world/coronavirus-outbreak?page=2,‘Enjoy the little things’: Melburnians give their tips to surviving extended lockdown,2021-07-16T20:00:42+0000,https://www.theguardian.com/world/2021/jul/17/enjoy-the-little-things-melburnians-give-their-tips-to-surviving-extended-lockdown
https://www.theguardian.com/world/coronavirus-outbreak?page=2,Covid disaster payments criticised for excluding people on income support,2021-07-16T20:00:42+0000,https://www.theguardian.com/australia-news/2021/jul/17/covid-disaster-payments-criticised-for-excluding-people-on-income-support
https://www.theguardian.com/world/coronavirus-outbreak?page=2,The Delta variant has shown Fortress Australia to be a house of cards due to the Coalition’s vaccine stroll-out,2021-07-16T20:00:41+0000,https://www.theguardian.com/australia-news/2021/jul/17/the-delta-variant-has-shown-fortress-australia-to-be-a-house-of-cards-due-to-the-coalitions-vaccine-stroll-out
https://www.theguardian.com/world/coronavirus-outbreak?page=2,No ‘return to normal’ expected in post-pandemic New Zealand – and locals say that’s fine,2021-07-16T20:00:41+0000,https://www.theguardian.com/world/2021/jul/17/no-return-to-normal-expected-in-post-pandemic-new-zealand-and-locals-say-thats-fine-covid-19
https://www.theguardian.com/world/coronavirus-outbreak?page=2,Scott Morrison accused of ‘misrepresenting’ Atagi advice to shift blame for botched vaccine rollout,2021-07-16T20:00:40+0000,https://www.theguardian.com/australia-news/2021/jul/17/scott-morrison-accused-of-misrepresenting-atagi-advice-to-shift-blame-for-botched-vaccine-rollout
https://www.theguardian.com/world/coronavirus-outbreak?page=2,‘Secret weapon’: unflappable Kerry Chant faces toughest challenge yet as NSW Covid outbreak grows,2021-07-16T19:47:28+0000,https://www.theguardian.com/australia-news/2021/jul/17/secret-weapon-unflappable-kerry-chant-faces-toughest-challenge-yet-as-nsw-covid-outbreak-grows
https://www.theguardian.com/world/coronavirus-outbreak?page=2,WHO chief calls for ‘audits’ of Wuhan labs after first mission controversy,2021-07-16T19:18:57+0000,https://www.theguardian.com/world/2021/jul/16/who-chief-calls-for-audits-of-wuhan-labs-after-first-mission-controversy
https://www.theguardian.com/world/coronavirus-outbreak?page=2,"UK reports over 50,000 daily Covid cases for first time since January",2021-07-16T19:00:39+0000,https://www.theguardian.com/world/2021/jul/16/one-in-95-people-in-england-had-covid-last-week-report-shows
https://www.theguardian.com/world/coronavirus-outbreak?page=2,Martin Rowson on the UK’s Covid ‘pingdemic’ – cartoon ,2021-07-16T18:27:45+0000,https://www.theguardian.com/commentisfree/picture/2021/jul/16/martin-rowson-on-the-uks-covid-pingdemic-cartoon
https://www.theguardian.com/world/coronavirus-outbreak?page=2,Johnson to press ahead with lifting Covid rules despite ‘worry’ over case numbers,2021-07-16T17:47:46+0000,https://www.theguardian.com/politics/2021/jul/16/johnson-to-press-ahead-with-lifting-covid-rules-despite-worry-over-case-numbers
https://www.theguardian.com/world/coronavirus-outbreak?page=2,CDC chief says Covid becoming 'a pandemic of the unvaccinated' – video,2021-07-16T17:41:32+0000,https://www.theguardian.com/world/video/2021/jul/16/cdc-chief-says-covid-becoming-a-pandemic-of-the-unvaccinated-video
https://www.theguardian.com/world/coronavirus-outbreak?page=2,US seeing ‘pandemic of the unvaccinated’ as cases rise in every state,2021-07-16T17:21:47+0000,https://www.theguardian.com/world/2021/jul/16/covid-19-us-delta-variant-unvaccinated
https://www.theguardian.com/world/coronavirus-outbreak?page=2,"UK Covid: new cases pass 50,000 for first time since mid-January with 1 in 95 in England testing positive last week – as it happened",2021-07-16T16:40:48+0000,https://www.theguardian.com/politics/live/2021/jul/16/uk-covid-live-hospitalisation-numbers-chris-whitty-coronavirus-latest-updates
https://www.theguardian.com/world/coronavirus-outbreak?page=2,"The Guardian view on Boris Johnson’s Covid experts: sadly on tap, not on top",2021-07-16T16:21:24+0000,https://www.theguardian.com/commentisfree/2021/jul/16/the-guardian-view-on-boris-johnsons-covid-experts-sadly-on-tap-not-on-top
https://www.theguardian.com/world/coronavirus-outbreak?page=2,Ministers shelve plans to tweak Covid app as cases in England surge,2021-07-16T16:20:30+0000,https://www.theguardian.com/world/2021/jul/16/ministers-shelve-plans-to-fix-covid-app-as-cases-in-england-surge
https://www.theguardian.com/world/coronavirus-outbreak?page=4,"State vaccination hubs should administer AstraZeneca and boost uptake on weekends, Scott Morrison says",2021-07-16T09:46:27+0000,https://www.theguardian.com/australia-news/2021/jul/16/state-vaccination-hubs-should-administer-astrazeneca-and-boost-uptake-on-weekends-scott-morrison-says
https://www.theguardian.com/world/coronavirus-outbreak?page=4,NSW Covid update: premier refuses retail lockdown despite 97 new cases and calls to tighten restrictions,2021-07-16T09:30:02+0000,https://www.theguardian.com/australia-news/2021/jul/16/nsw-covid-update-premier-refuses-retail-lockdown-despite-97-new-cases-and-calls-to-tighten-restrictions
https://www.theguardian.com/world/coronavirus-outbreak?page=4,GSK plans £400m life sciences campus in Stevenage ,2021-07-16T09:23:41+0000,https://www.theguardian.com/business/2021/jul/16/gsk-plans-400m-life-sciences-campus-in-stevenage
https://www.theguardian.com/world/coronavirus-outbreak?page=4,Covid’s racial impact in US clouded by failure to collect race and ethnicity data,2021-07-16T09:00:06+0000,https://www.theguardian.com/us-news/2021/jul/16/us-covid-coronavirus-race-ethnicity-data
https://www.theguardian.com/world/coronavirus-outbreak?page=4,Republican lawmakers push to cast vaccine refusal as a civil rights issue,2021-07-16T09:00:06+0000,https://www.theguardian.com/world/2021/jul/16/republicans-covid-19-vaccine-refusal-legal-protections
https://www.theguardian.com/world/coronavirus-outbreak?page=4,Scott Morrison says four-step ‘path out’ still on agenda despite Victoria and NSW outbreaks – as it happened,2021-07-16T08:40:13+0000,https://www.theguardian.com/australia-news/live/2021/jul/16/covid-australia-live-update-melbourne-sydney-lockdown-national-cabinet-daniel-andrews-gladys-berejiklian-coronavirus
https://www.theguardian.com/world/coronavirus-outbreak?page=4,WHO chief says push to discount Covid-19 lab leak theory was ‘premature’ ,2021-07-16T08:14:55+0000,https://www.theguardian.com/world/2021/jul/16/who-chief-says-push-to-discount-lab-leak-theory-was-premature
https://www.theguardian.com/world/coronavirus-outbreak?page=4,"If Covid-19 is a seasonal virus, why is it spreading during the summer?",2021-07-16T08:00:06+0000,https://www.theguardian.com/commentisfree/2021/jul/16/covid-19-seasonal-virus-spreading-during-summer-pandemic
https://www.theguardian.com/world/coronavirus-outbreak?page=4,Covid border restrictions and closures: where you can and can’t travel within Australia – and to New Zealand,2021-07-16T07:22:21+0000,https://www.theguardian.com/australia-news/2021/jul/16/covid-border-closures-restrictions-bans-can-we-travel-victoria-vic-nsw-qld-queensland-wa-sa-act-nt-closures-where-you-can-not-go-fly-to-new-zealand-from-australia-nz
https://www.theguardian.com/world/coronavirus-outbreak?page=4,"Silverstone organisers defend decision to allow 140,000 fans at F1 British GP ",2021-07-16T07:00:04+0000,https://www.theguardian.com/sport/2021/jul/16/silverstone-organisers-defend-decision-to-allow-140000-fans-at-f1-british-gp
https://www.theguardian.com/world/coronavirus-outbreak?page=4,"On vaccine equality, the UK has failed to show the leadership the world needs",2021-07-16T07:00:04+0000,https://www.theguardian.com/commentisfree/2021/jul/16/on-vaccine-equality-the-uk-has-failed-to-show-the-leadership-the-world-needs
https://www.theguardian.com/world/coronavirus-outbreak?page=4,Australia Covid outbreak: Delta variant cases rise among fully vaccinated people,2021-07-16T06:41:44+0000,https://www.theguardian.com/australia-news/2021/jul/16/australia-covid-outbreak-delta-variant-cases-rise-among-fully-vaccinated-people
https://www.theguardian.com/world/coronavirus-outbreak?page=4,Victoria Covid update: removalists from NSW banned after six more cases,2021-07-16T06:19:48+0000,https://www.theguardian.com/world/2021/jul/16/victoria-covid-update-removalists-from-nsw-banned-after-six-more-cases
https://www.theguardian.com/world/coronavirus-outbreak?page=4,"Making coffins, giving shelter: volunteers step in as Covid overwhelms Indonesia",2021-07-16T06:12:05+0000,https://www.theguardian.com/global-development/2021/jul/16/making-coffins-giving-shelter-volunteers-step-in-as-covid-overwhelms-indonesia
https://www.theguardian.com/world/coronavirus-outbreak?page=4,"If we want Port Moresby to rise in the liveability rankings, start by protecting its women",2021-07-16T05:20:33+0000,https://www.theguardian.com/commentisfree/2021/jul/16/if-we-want-port-moresby-to-rise-in-the-liveability-rankings-start-by-protecting-its-women
https://www.theguardian.com/world/coronavirus-outbreak?page=4,Alfresco dining boost in England as government extends pavement licences,2021-07-16T05:00:03+0000,https://www.theguardian.com/business/2021/jul/16/alfresco-dining-england-government-pavement-licences
https://www.theguardian.com/world/coronavirus-outbreak?page=4,"Six new Covid cases in Victoria proves value of early lockdown, says Dan Andrews – video",2021-07-16T04:01:44+0000,https://www.theguardian.com/australia-news/video/2021/jul/16/six-new-covid-cases-in-victoria-proves-value-of-early-lockdown-says-dan-andrews-video
https://www.theguardian.com/world/coronavirus-outbreak?page=5,Marina Hyde on the political circus of the last five years ,2021-07-16T00:52:54+0000,https://www.theguardian.com/news/audio/2021/jul/16/marina-hyde-on-five-years-watching-political-circus-podcast
https://www.theguardian.com/world/coronavirus-outbreak?page=5,‘Shattered’ tennis player Alex de Minaur pulls out of Australia’s Olympic team after positive Covid test,2021-07-16T00:24:29+0000,https://www.theguardian.com/sport/2021/jul/16/shattered-tennis-player-alex-de-minaur-pulls-out-of-australias-olympic-team-after-positive-covid-test
https://www.theguardian.com/world/coronavirus-outbreak?page=5,"Covid Australia vaccine rollout tracker: total number of people and per cent vaccinated, daily vaccine doses and rate of progress",2021-07-15T23:57:22+0000,https://www.theguardian.com/australia-news/datablog/ng-interactive/2021/jul/16/covid-19-vaccine-rollout-australia-vaccination-rate-progress-how-many-people-vaccinated-percent-tracker-by-state-victoria-vic-nsw-queensland-qld-daily-live-data-stats-updates-total-number-world-ranking-distribution-schedule-tracking-chart-percentage-new-cases-today
https://www.theguardian.com/world/coronavirus-outbreak?page=5,Latest Qld Covid-19 exposure sites: full list of Queensland coronavirus hotspots and case location alerts,2021-07-15T23:55:24+0000,https://www.theguardian.com/australia-news/2021/jul/16/covid-19-list-queensland-public-health-exposure-sites-hotspots-latest-full-list-brisbane-regional-south-east-qld-sunshine-coast-caloundra-toowoomba-venues-case-location-alerts-metro-coronavirus-cases-outbreak-locations
https://www.theguardian.com/world/coronavirus-outbreak?page=5,New Qld Covid restrictions: update to Brisbane and regional Qld coronavirus rules explained,2021-07-15T23:03:16+0000,https://www.theguardian.com/australia-news/2021/jul/16/qld-covid-19-brisbane-restrictions-queensland-coronavirus-new-rules-update-mask-wear-face-masks-explained-greater-bne-sunshine-gold-coast-townsville-south-east-seq
https://www.theguardian.com/world/coronavirus-outbreak?page=5,Latest NSW Health Covid exposure sites: full list and map of Sydney hotspots and coronavirus case locations,2021-07-15T23:01:02+0000,https://www.theguardian.com/australia-news/2021/jul/16/covid-19-list-nsw-public-health-exposure-sites-map-hotspots-latest-sydney-suburbs-venues-flights-case-location-alerts-regional-coronavirus-cases-outbreak-locations
https://www.theguardian.com/world/coronavirus-outbreak?page=5,"Bank of England ‘addicted’ to creating money, say peers",2021-07-15T23:01:02+0000,https://www.theguardian.com/business/2021/jul/16/bank-of-england-creating-money-lords-quantitative-easing
https://www.theguardian.com/world/coronavirus-outbreak?page=5,‘Tsunami of closures’ threaten UK high streets as debt grows fivefold,2021-07-15T23:00:48+0000,https://www.theguardian.com/business/2021/jul/16/tsunami-of-closures-threaten-uk-high-streets-as-debt-grows-fivefold
https://www.theguardian.com/world/coronavirus-outbreak?page=5,"Long Covid has more than 200 symptoms, study finds",2021-07-15T22:58:05+0000,https://www.theguardian.com/society/2021/jul/15/long-covid-has-more-than-200-symptoms-study-finds
https://www.theguardian.com/world/coronavirus-outbreak?page=5,Victoria Covid-19 exposure sites: full list of Melbourne and regional Vic coronavirus hotspots and case location alerts,2021-07-15T22:57:04+0000,https://www.theguardian.com/australia-news/2021/jul/16/covid-19-full-list-melbourne-public-exposure-sites-tier-1-2-3-hotspots-victoria-venues-case-location-alerts-metro-regional-vic-coronavirus-cases-outbreak-locations
https://www.theguardian.com/world/coronavirus-outbreak?page=5,Victoria Covid lockdown restrictions: latest update to Melbourne and regional Vic coronavirus mask rules explained,2021-07-15T22:20:13+0000,https://www.theguardian.com/australia-news/2021/jul/16/victoria-lockdown-melbourne-covid-restrictions-coronavirus-new-rules-latest-update-covid19-explained-5km-radius-travel-face-masks-compulsory-exercising-home-gatherings-intimate-partner-what-you-need-to-know
https://www.theguardian.com/world/coronavirus-outbreak?page=5,UK ‘not out of the woods yet’ says Whitty – as it happened,2021-07-15T18:30:23+0000,https://www.theguardian.com/world/live/2021/jul/15/coronavirus-live-news-indonesia-in-worst-case-scenario-as-daily-cases-climb-past-50000
https://www.theguardian.com/world/coronavirus-outbreak?page=5,Pinging hell: NHS Covid app causing widespread staff shortages ,2021-07-15T17:30:48+0000,https://www.theguardian.com/business/2021/jul/15/pinging-hell-nhs-covid-app-causing-widespread-staff-shortages
https://www.theguardian.com/world/coronavirus-outbreak?page=5,How lockdown has a cruel way of making a mockery of our life circumstances,2021-07-15T17:30:48+0000,https://www.theguardian.com/commentisfree/2021/jul/16/how-lockdown-has-a-cruel-way-of-making-a-mockery-of-our-life-circumstances
https://www.theguardian.com/world/coronavirus-outbreak?page=5,The treacherous politics of Covid-19 – with Lenore Taylor,2021-07-15T17:30:47+0000,https://www.theguardian.com/australia-news/audio/2021/jul/16/the-treacherous-politics-of-covid-19-with-lenore-taylor
https://www.theguardian.com/world/coronavirus-outbreak?page=5,Huge study supporting ivermectin as Covid treatment withdrawn over ethical concerns,2021-07-15T16:38:59+0000,https://www.theguardian.com/science/2021/jul/16/huge-study-supporting-ivermectin-as-covid-treatment-withdrawn-over-ethical-concerns
https://www.theguardian.com/world/coronavirus-outbreak?page=5,‘Absolutely confusing’: businesses suffering in Sydney lockdown plead for certainty over what’s essential work,2021-07-15T14:44:44+0000,https://www.theguardian.com/australia-news/2021/jul/16/absolutely-confusing-businesses-suffering-in-sydney-lockdown-plead-for-certainty-over-whats-essential-work
https://www.theguardian.com/world/coronavirus-outbreak?page=5,"Brexit: UK says divorce bill set to total £37.3bn, lower than latest EU estimate – as it happened",2021-07-15T13:55:41+0000,https://www.theguardian.com/politics/live/2021/jul/15/uk-politics-live-sugar-salt-tax-levelling-up-coronavirus
https://www.theguardian.com/world/coronavirus-outbreak?page=6,"Surge in alcohol-related deaths during England lockdown, report finds",2021-07-15T13:38:18+0000,https://www.theguardian.com/society/2021/jul/15/surge-in-alcohol-related-deaths-in-england-during-lockdown-report-finds
https://www.theguardian.com/world/coronavirus-outbreak?page=6,France protests: clashes with police on Bastille Day amid anger at tighter Covid rules,2021-07-15T13:25:11+0000,https://www.theguardian.com/world/2021/jul/15/france-protests-clashes-with-police-on-bastille-day-amid-anger-at-tighter-covid-rules
https://www.theguardian.com/world/coronavirus-outbreak?page=6,France protests: Bastille Day clashes with police amid anger at tighter Covid rules – video,2021-07-15T13:04:14+0000,https://www.theguardian.com/world/video/2021/jul/15/france-protests-bastille-day-clashes-with-police-amid-anger-at-tighter-covid-rules-video
https://www.theguardian.com/world/coronavirus-outbreak?page=6,Data officers raid two properties over Matt Hancock CCTV footage leak,2021-07-15T12:58:51+0000,https://www.theguardian.com/politics/2021/jul/15/data-officers-raid-two-properties-over-matt-hancock-cctv-footage-leak
https://www.theguardian.com/world/coronavirus-outbreak?page=6,Victoria enters five-day lockdown as Covid outbreak linked to Sydney grows,2021-07-15T12:22:15+0000,https://www.theguardian.com/australia-news/2021/jul/15/victoria-covid-update-state-set-to-go-into-lockdown-as-clusters-linked-to-sydney-outbreak-grow
https://www.theguardian.com/world/coronavirus-outbreak?page=6,France achieves record Covid jabs with Macron’s ‘big stick’ approach,2021-07-15T12:20:41+0000,https://www.theguardian.com/society/2021/jul/15/france-achieves-record-covid-jabs-with-macrons-big-stick-approach
https://www.theguardian.com/world/coronavirus-outbreak?page=6,"As global Covid vaccine passports become a reality, we have to make sure they’re fair",2021-07-15T11:27:55+0000,https://www.theguardian.com/commentisfree/2021/jul/15/covid-vaccine-passports-fair-who-guidelines
https://www.theguardian.com/world/coronavirus-outbreak?page=6,Tesco and John Lewis will ask customers and staff to wear face masks,2021-07-15T11:11:50+0000,https://www.theguardian.com/business/2021/jul/15/tesco-john-lewis-ask-customers-staff-face-masks-england
https://www.theguardian.com/world/coronavirus-outbreak?page=6,NSW records 65 new cases as GP clinics and pharmacies drive new spread of coronavirus,2021-07-15T10:06:33+0000,https://www.theguardian.com/australia-news/2021/jul/15/nsw-covid-update-gp-clinics-and-pharmacies-new-driver-of-covid-spread
https://www.theguardian.com/world/coronavirus-outbreak?page=6,Daniel Andrews says ‘no browsing’ as he announces lockdown – as it happened,2021-07-15T09:31:32+0000,https://www.theguardian.com/australia-news/live/2021/jul/15/australia-covid-live-update-victorians-told-to-wear-masks-indoors-as-outbreak-grows-more-exposure-sites-in-melbourne-and-nsw-sydney-lockdown-restrictions-mcg-baccus-marsh-riverina-scott-morrison-daniel-andrews-gladys-berejiklian-coronavirus
https://www.theguardian.com/world/coronavirus-outbreak?page=6,Tell us: have you been affected by the Balearics being removed from England’s ‘green’ list of countries?,2021-07-15T09:14:26+0000,https://www.theguardian.com/travel/2021/jul/15/tell-us-have-you-been-affected-by-the-balearics-being-removed-from-englands-green-list-of-countries
https://www.theguardian.com/world/coronavirus-outbreak?page=6,Asos sales rise but CEO warns of more short-term Covid volatility,2021-07-15T08:48:25+0000,https://www.theguardian.com/business/2021/jul/15/asos-sales-rise-but-ceo-warns-of-more-short-term-covid-volatility
https://www.theguardian.com/world/coronavirus-outbreak?page=6,Sydney’s ever-growing Covid hotspot list exposes NSW government’s lockdown failures,2021-07-15T07:27:41+0000,https://www.theguardian.com/australia-news/2021/jul/15/sydneys-ever-growing-covid-hotspot-list-exposes-nsw-governments-lockdown-failures
https://www.theguardian.com/world/coronavirus-outbreak?page=6,Rishi Sunak says UK is bouncing back as payrolls soar in June,2021-07-15T06:53:01+0000,https://www.theguardian.com/business/2021/jul/15/rishi-sunak-says-uk-is-bouncing-back-as-payrolls-soar-in-june-covid
https://www.theguardian.com/world/coronavirus-outbreak?page=6,Australian government scales back supply projections for AstraZeneca Covid-19 vaccine,2021-07-15T06:24:27+0000,https://www.theguardian.com/society/2021/jul/15/australian-government-scales-back-supply-projections-for-astrazeneca-covid-19-vaccine
https://www.theguardian.com/world/coronavirus-outbreak?page=6,Sydney hospitals stretched to ‘the brink’ as Covid crisis sidelines medical staff,2021-07-15T06:00:34+0000,https://www.theguardian.com/australia-news/2021/jul/15/sydney-hospitals-stretched-to-the-brink-as-covid-crisis-sidelines-medical-staff
https://www.theguardian.com/world/coronavirus-outbreak?page=6,Nepal sees huge rise in maternal deaths as Covid keeps women at home,2021-07-15T06:00:33+0000,https://www.theguardian.com/global-development/2021/jul/15/nepal-sees-huge-rise-in-maternal-deaths-as-covid-keeps-women-at-home
https://www.theguardian.com/world/coronavirus-outbreak?page=7,"Act now or NHS could be overwhelmed this winter, report warns",2021-07-15T05:00:32+0000,https://www.theguardian.com/world/2021/jul/15/act-now-or-nhs-could-be-overwhelmed-this-winter-report-says-covid-flu-rsv
https://www.theguardian.com/world/coronavirus-outbreak?page=7,People with learning disabilities in England ‘have eight times Covid death rate’,2021-07-15T05:00:32+0000,https://www.theguardian.com/society/2021/jul/15/people-with-learning-disabilities-in-england-have-eight-times-covid-death-rate
https://www.theguardian.com/world/coronavirus-outbreak?page=7,"Firm with ties to Hancock given ‘VIP treatment’, emails suggest",2021-07-15T05:00:32+0000,https://www.theguardian.com/world/2021/jul/15/firm-with-ties-to-matt-hancock-given-vip-treatment-emails-suggest
https://www.theguardian.com/world/coronavirus-outbreak?page=7,Australia’s unemployment rate falls to 4.9% but underemployment up as lockdowns take toll,2021-07-15T04:54:59+0000,https://www.theguardian.com/business/2021/jul/15/australias-unemployment-rate-falls-to-49-but-underemployment-up-as-lockdowns-take-toll
https://www.theguardian.com/world/coronavirus-outbreak?page=7,NSW records 65 new Covid-19 cases as tensions rise over definition of essential work – video,2021-07-15T03:01:35+0000,https://www.theguardian.com/australia-news/video/2021/jul/15/nsw-records-65-new-covid-19-cases-as-tensions-rise-over-definition-of-essential-work-video
https://www.theguardian.com/world/coronavirus-outbreak?page=7,Movement across Sydney during Covid outbreak slows to Melbourne lockdown levels,2021-07-14T22:53:23+0000,https://www.theguardian.com/news/datablog/2021/jul/15/movement-across-sydney-during-covid-outbreak-slows-to-melbourne-lockdown-levels
https://www.theguardian.com/world/coronavirus-outbreak?page=7,Inside the mind of an Olympic athlete one week before the games,2021-07-14T18:38:08+0000,https://www.theguardian.com/news/audio/2021/jul/15/the-fight-to-get-ready-for-a-pandemic-olympics
https://www.theguardian.com/world/coronavirus-outbreak?page=7,A rare look inside a Sydney Covid-19 ICU ward as one man fights for his life – video,2021-07-14T18:25:20+0000,https://www.theguardian.com/world/video/2021/jul/15/a-rare-look-inside-a-sydney-covid-19-icu-ward-as-one-man-fights-for-his-life-video
https://www.theguardian.com/world/coronavirus-outbreak?page=7,Coronavirus live: riots hamper medical services in Covid ravaged South Africa; record cases in Indonesia and Vietnam,2021-07-14T18:21:01+0000,https://www.theguardian.com/world/live/2021/jul/14/coronavirus-live-news-south-korea-tightens-curbs-again-amid-record-cases-interest-in-tokyo-olympics-muted
https://www.theguardian.com/world/coronavirus-outbreak?page=7,Six Labour mayors unite to call for mandatory mask wearing on public transport – video,2021-07-14T18:14:49+0000,https://www.theguardian.com/uk-news/video/2021/jul/14/six-labour-mayors-unite-to-call-for-mandatory-mask-wearing-on-public-transport-video
https://www.theguardian.com/world/coronavirus-outbreak?page=7,More clarity in return to work guidance would help firms avoid liability,2021-07-14T18:00:43+0000,https://www.theguardian.com/business/nils-pratley-on-finance/2021/jul/14/more-clarity-in-return-to-work-guidance-would-help-firms-avoid-liability
https://www.theguardian.com/world/coronavirus-outbreak?page=7,England’s new Covid guidelines: a sector-by-sector breakdown,2021-07-14T17:29:18+0000,https://www.theguardian.com/world/2021/jul/14/covid-guidelines-for-england-safety-advice-for-businesses
https://www.theguardian.com/world/coronavirus-outbreak?page=7,Covid safety guidance to firms in England criticised as ‘recipe for chaos’,2021-07-14T17:18:57+0000,https://www.theguardian.com/world/2021/jul/14/vague-guidelines-on-how-firms-can-stay-covid-safe-after-19-july-recipe-for-chaos
https://www.theguardian.com/world/coronavirus-outbreak?page=7,Balearic Islands to be added to England’s Covid amber list ,2021-07-14T17:18:56+0000,https://www.theguardian.com/travel/2021/jul/14/balearic-islands-added-to-covid-amber-list
https://www.theguardian.com/world/coronavirus-outbreak?page=7,The Guardian view on Cuba’s protests: people deserve better from their leaders – and the US,2021-07-14T17:02:47+0000,https://www.theguardian.com/commentisfree/2021/jul/14/the-guardian-view-on-cubas-protests-people-deserve-better-from-their-leaders-and-the-us
https://www.theguardian.com/world/coronavirus-outbreak?page=7,‘Not time for blame game’: former Atagi representative says Morrison’s AstraZeneca comments ‘unfair’,2021-07-14T17:02:00+0000,https://www.theguardian.com/world/2021/jul/15/not-time-for-blame-game-former-atagi-representative-says-morrisons-astrazeneca-comments-unfair
https://www.theguardian.com/world/coronavirus-outbreak?page=8,Tell us: Is your workplace keeping up social distancing despite not having to from next week?,2021-07-14T16:32:23+0000,https://www.theguardian.com/world/2021/jul/14/tell-us-is-your-workplace-keeping-up-social-distancing-despite-not-having-to-from-next-week
https://www.theguardian.com/world/coronavirus-outbreak?page=8,Wales to relax Covid restrictions to alert level 1,2021-07-14T16:29:46+0000,https://www.theguardian.com/world/2021/jul/14/wales-to-relax-covid-restrictions-to-alert-level-1
https://www.theguardian.com/world/coronavirus-outbreak?page=8,Living in England: what are your plans on 19 July?,2021-07-14T16:06:15+0000,https://www.theguardian.com/world/2021/jul/14/living-in-england-what-are-your-plans-on-19-july
https://www.theguardian.com/world/coronavirus-outbreak?page=8,Parents: are you managing to find appropriate childcare?,2021-07-14T15:25:16+0000,https://www.theguardian.com/money/2021/jul/14/parents-are-you-managing-to-find-appropriate-childcare
https://www.theguardian.com/world/coronavirus-outbreak?page=8,Balearic islands likely to move to England’s travel amber list,2021-07-14T14:12:45+0000,https://www.theguardian.com/world/2021/jul/14/balearic-islands-spain-likely-move-england-travel-amber-list-covid
https://www.theguardian.com/world/coronavirus-outbreak?page=8,"As Covid cases rise in Florida, Governor DeSantis digs at Fauci with merchandise",2021-07-14T14:02:36+0000,https://www.theguardian.com/us-news/2021/jul/14/florida-ron-desantis-digs-fauci-merchandise-covid
https://www.theguardian.com/world/coronavirus-outbreak?page=8,Victorian Covid commander ‘extremely frustrated’ as 11 local cases reported and masks mandated ,2021-07-14T13:23:53+0000,https://www.theguardian.com/australia-news/2021/jul/14/victoria-covid-update-jeroen-weimar-extremely-frustrated-as-seven-new-cases-reported-in-melbourne
https://www.theguardian.com/world/coronavirus-outbreak?page=8,Transport secretary backs London mayor’s rule for compulsory masks on TfL,2021-07-14T12:53:13+0000,https://www.theguardian.com/uk-news/2021/jul/14/shapps-mask-wearing-expected-to-remain-on-public-transport
https://www.theguardian.com/world/coronavirus-outbreak?page=8,"Planes, trains, buses: where will masks be mandatory in England after 19 July?",2021-07-14T11:39:22+0000,https://www.theguardian.com/uk-news/2021/jul/14/planes-trains-buses-where-will-masks-be-mandatory-in-england-after-19-july
https://www.theguardian.com/world/coronavirus-outbreak?page=8,GP staff receive abuse every day over Covid vaccine reminders,2021-07-14T11:02:17+0000,https://www.theguardian.com/society/2021/jul/14/gp-staff-receive-abuse-every-day-over-covid-vaccine-reminders
https://www.theguardian.com/world/coronavirus-outbreak?page=8,Thomas Bach promises ‘safe and secure’ Olympics as Tokyo Covid cases soar ,2021-07-14T10:59:02+0000,https://www.theguardian.com/sport/2021/jul/14/thomas-bach-promises-safe-and-secure-olympics-as-tokyo-covid-cases-soar
https://www.theguardian.com/world/coronavirus-outbreak?page=8,Students from exclusive Sydney school relocate to regional NSW campus during lockdown,2021-07-14T10:32:43+0000,https://www.theguardian.com/australia-news/2021/jul/14/students-from-exclusive-sydney-school-relocate-to-regional-nsw-campus-during-lockdown
https://www.theguardian.com/world/coronavirus-outbreak?page=8,Western Australia introduces border restrictions with Victoria – as it happened,2021-07-14T08:59:05+0000,https://www.theguardian.com/australia-news/live/2021/jul/14/australia-covid-live-update-sydney-nsw-lockdown-to-be-extended-massive-covid-testing-queues-at-fairfield-essential-workers-scott-morrison-financial-support-queensland-border-coronavirus-cases-restrictions-daniel-andrews-gladys-berejiklian
https://www.theguardian.com/world/coronavirus-outbreak?page=8,Dunelm sales soar after shoppers flock to stores as Covid controls ease,2021-07-14T08:55:37+0000,https://www.theguardian.com/business/2021/jul/14/dunelm-sales-soar-after-shoppers-flock-to-stores-as-covid-controls-ease
https://www.theguardian.com/world/coronavirus-outbreak?page=8,"Masks to remain compulsory on London transport, says Sadiq Khan – video",2021-07-14T08:21:00+0000,https://www.theguardian.com/politics/video/2021/jul/14/masks-to-remain-compulsory-on-london-transport-says-sadiq-khan-video
https://www.theguardian.com/world/coronavirus-outbreak?page=8,UK inflation jumps to 2.5% as secondhand car and food prices rise,2021-07-14T08:19:17+0000,https://www.theguardian.com/business/2021/jul/14/uk-inflation-jumps-as-secondhand-car-and-food-prices-rise
https://www.theguardian.com/world/coronavirus-outbreak?page=8,Sydney lockdown extended for at least two weeks as NSW reports 97 new cases,2021-07-14T07:37:44+0000,https://www.theguardian.com/australia-news/2021/jul/14/nsw-covid-update-sydney-lockdown-extended-for-at-least-two-weeks-as-state-reports-97-new-cases
https://www.theguardian.com/world/coronavirus-outbreak?page=8,Battle for oxygen as coup-hit Myanmar faces its most severe Covid outbreak,2021-07-14T07:00:06+0000,https://www.theguardian.com/world/2021/jul/14/battle-for-oxygen-as-coup-hit-myanmar-faces-its-most-severe-covid-outbreak
https://www.theguardian.com/world/coronavirus-outbreak?page=8,Delta variant gains ground in US as outbreaks highlight vaccine divide,2021-07-14T06:51:06+0000,https://www.theguardian.com/us-news/2021/jul/14/us-delta-variant-coronavirus-covid-vaccine-divide
https://www.theguardian.com/world/coronavirus-outbreak?page=9,Fairfield residents tell of frustration in massive queues for Covid tests after new rules – video,2021-07-14T06:14:36+0000,https://www.theguardian.com/australia-news/video/2021/jul/14/fairfield-residents-tell-of-frustration-in-massive-queues-for-covid-tests-after-new-rules-video
https://www.theguardian.com/world/coronavirus-outbreak?page=9,‘It’s just too much’: frustrated Fairfield residents queue for hours for mandatory Covid tests in Sydney,2021-07-14T06:07:39+0000,https://www.theguardian.com/australia-news/2021/jul/14/fairfield-lga-council-covid-testing-site-showground-delay-queue-local-government-area-essential-workers-nsw-sydney-lockdown
https://www.theguardian.com/world/coronavirus-outbreak?page=9,I awoke before dawn to get a Covid test in Fairfield. Instead I found a nightmarish mess ,2021-07-14T05:05:36+0000,https://www.theguardian.com/commentisfree/2021/jul/14/i-awoke-at-dawn-to-get-a-covid-test-in-fairfield-instead-i-found-a-nightmarish-mess
https://www.theguardian.com/world/coronavirus-outbreak?page=9,Covid’s mental health toll: one in five Australians report high levels of psychological distress,2021-07-14T05:00:04+0000,https://www.theguardian.com/world/2021/jul/14/covids-mental-health-toll-one-in-five-australians-report-high-levels-of-psychological-distress
https://www.theguardian.com/world/coronavirus-outbreak?page=9,Hunger sweeps India in Covid’s shadow as millions miss out on rations,2021-07-14T05:00:04+0000,https://www.theguardian.com/global-development/2021/jul/14/hunger-sweeps-india-in-covids-shadow-as-millions-miss-out-on-rations
https://www.theguardian.com/world/coronavirus-outbreak?page=9,"Proposed reforms to NHS ‘institutionalise cronyism’, claims Labour",2021-07-14T03:06:00+0000,https://www.theguardian.com/society/2021/jul/14/proposed-reforms-to-nhs-institutionalise-cronyism-claims-labour
https://www.theguardian.com/world/coronavirus-outbreak?page=9,How Australia's vaccination ads compare with the rest of the world – video,2021-07-14T02:44:52+0000,https://www.theguardian.com/world/video/2021/may/20/how-australias-vaccination-ad-campaign-compares-to-the-rest-of-the-world-video
https://www.theguardian.com/world/coronavirus-outbreak?page=9,Sydney Covid-19 lockdown extended for at least two weeks after 97 cases in NSW – video,2021-07-14T01:14:25+0000,https://www.theguardian.com/australia-news/video/2021/jul/14/sydney-covid-19-lockdown-extended-for-at-least-two-weeks-after-97-cases-in-nsw-video
https://www.theguardian.com/world/coronavirus-outbreak?page=9,Scott Morrison blames Atagi doctors for Australia’s slow Covid vaccine rollout,2021-07-14T00:24:52+0000,https://www.theguardian.com/australia-news/2021/jul/14/scott-morrison-blames-atagi-doctors-for-australias-slow-covid-vaccine-rollout
https://www.theguardian.com/world/coronavirus-outbreak?page=9,NSW Covid assistance package: are you eligible for the disaster relief payment and how much support is available?,2021-07-13T23:00:54+0000,https://www.theguardian.com/australia-news/2021/jul/13/nsw-covid-assistance-package-are-you-eligible-and-how-much-support-is-available
https://www.theguardian.com/world/coronavirus-outbreak?page=9,WHO warns of ‘chaos’ if individuals mix Covid vaccines,2021-07-13T23:00:13+0000,https://www.theguardian.com/society/2021/jul/14/who-warns-of-chaos-if-individuals-mix-covid-vaccines
https://www.theguardian.com/world/coronavirus-outbreak?page=9,Covid outbreak among vaccinated Vegas hospital workers underscores Delta risks,2021-07-13T22:46:28+0000,https://www.theguardian.com/us-news/2021/jul/13/coronavirus-delta-variant-nevada-outbreak-health-workers
https://www.theguardian.com/world/coronavirus-outbreak?page=9,Schools in England to eschew summer ‘catch-up’ and put health first,2021-07-13T22:28:39+0000,https://www.theguardian.com/education/2021/jul/13/schools-in-england-to-eschew-summer-catch-up-and-put-health-first
https://www.theguardian.com/world/coronavirus-outbreak?page=9,"Masks to remain compulsory on London tube, buses and trains",2021-07-13T21:00:02+0000,https://www.theguardian.com/uk-news/2021/jul/13/masks-will-be-needed-on-london-tube-buses-and-trains-tfl-to-confirm
https://www.theguardian.com/world/coronavirus-outbreak?page=9,UK reports highest deaths since early April – as it happened,2021-07-13T20:54:19+0000,https://www.theguardian.com/world/live/2021/jul/13/coronavirus-live-news-who-appeals-for-rich-countries-to-donate-vaccines-rather-than-using-boosters
https://www.theguardian.com/world/coronavirus-outbreak?page=9,Fairfield Covid testing chaos: essential workers wait up to six hours after new rules introduced,2021-07-13T18:37:56+0000,https://www.theguardian.com/australia-news/2021/jul/14/fairfield-testing-chaos-essential-workers-wait-up-to-six-hours-after-new-covid-rules-introduced
https://www.theguardian.com/world/coronavirus-outbreak?page=9,‘It’s just like flu’: misinformation and fear hamper Papua New Guinea’s Covid vaccine rollout,2021-07-13T18:29:01+0000,https://www.theguardian.com/world/2021/jul/14/its-just-like-flu-misinformation-and-fear-hamper-papua-new-guineas-covid-vaccine-rollout
https://www.theguardian.com/world/coronavirus-outbreak?page=10,The Guardian view on Covid risks: shielders need shields ,2021-07-13T18:19:08+0000,https://www.theguardian.com/commentisfree/2021/jul/13/the-guardian-view-on-covid-risks-shielders-need-shields
https://www.theguardian.com/world/coronavirus-outbreak?page=10,End to Covid rules for England ‘leaves 3.8m vulnerable people feeling abandoned’,2021-07-13T18:12:45+0000,https://www.theguardian.com/world/2021/jul/13/end-to-covid-rules-19-july-england-leaves-38m-clinically-vulnerable-people-feeling-abandoned
https://www.theguardian.com/world/coronavirus-outbreak?page=10,Healthcare providers in England can still insist on masks after 19 July,2021-07-13T18:02:37+0000,https://www.theguardian.com/society/2021/jul/13/healthcare-providers-england-face-masks-beyond-19-july
https://www.theguardian.com/world/coronavirus-outbreak?page=10,"Third of England still without any Covid immunity, scientists warn",2021-07-13T18:00:15+0000,https://www.theguardian.com/uk-news/2021/jul/13/third-of-england-still-without-any-covid-immunity-scientist-warns
https://www.theguardian.com/world/coronavirus-outbreak?page=10,"NSW restrictions will last months under ‘soft lockdown’ approach, epidemiologist says",2021-07-13T17:30:50+0000,https://www.theguardian.com/australia-news/2021/jul/14/nsw-restrictions-will-last-months-under-soft-lockdown-approach-epidemiologist-says
https://www.theguardian.com/world/coronavirus-outbreak?page=10,Covid origins: Australia’s role in the feedback loop promoting the Wuhan lab leak theory,2021-07-13T17:30:50+0000,https://www.theguardian.com/world/2021/jul/14/covid-origins-australias-role-in-the-feedback-loop-promoting-the-wuhan-lab-leak-theory
https://www.theguardian.com/world/coronavirus-outbreak?page=10,The UK’s illogical quarantine rules must be changed,2021-07-13T17:19:46+0000,https://www.theguardian.com/travel/2021/jul/13/the-uks-illogical-quarantine-rules-must-be-changed
https://www.theguardian.com/world/coronavirus-outbreak?page=10,MPs vote to approve £4bn foreign aid cut amid claims it could last for years – as it happened,2021-07-13T17:16:03+0000,https://www.theguardian.com/politics/live/2021/jul/13/uk-covid-live-news-sage-cases-nhs-coronavirus-aid-debate
https://www.theguardian.com/world/coronavirus-outbreak?page=10,US inflation hits 13-year high in June ,2021-07-13T17:07:23+0000,https://www.theguardian.com/business/2021/jul/13/us-hit-13-year-high-last-month
https://www.theguardian.com/world/coronavirus-outbreak?page=10,We quit! The Great Resignation era has begun – at a boiling hot branch of Burger King,2021-07-13T16:10:33+0000,https://www.theguardian.com/money/2021/jul/13/we-quit-the-great-resignation-era-has-begun-at-a-boiling-hot-branch-of-burger-king
https://www.theguardian.com/world/coronavirus-outbreak?page=10,Rising public anger over Iraq’s healthcare system after ward fire that kills 92,2021-07-13T14:50:42+0000,https://www.theguardian.com/world/2021/jul/13/rising-anger-iraq-healthcare-system-hospital-nasireyah-fire-oxygen-tanks
https://www.theguardian.com/world/coronavirus-outbreak?page=10,Scotland to move to level 0 Covid restrictions from 19 July,2021-07-13T13:52:56+0000,https://www.theguardian.com/uk-news/2021/jul/13/scotland-to-move-to-level-zero-covid-restrictions-from-19-july
https://www.theguardian.com/world/coronavirus-outbreak?page=10,"24-hour Covid benefit concert announced with the Weeknd, Billie Eilish and more",2021-07-13T13:28:31+0000,https://www.theguardian.com/music/2021/jul/13/24-hour-covid-benefit-concert-global-citizen-live-weeknd-billie-eilish-ed-sheeran-coldplay-bts
https://www.theguardian.com/world/coronavirus-outbreak?page=10,Hotel Chocolat subscriptions surge as Britons seek comfort from Covid,2021-07-13T13:00:09+0000,https://www.theguardian.com/business/2021/jul/13/hotel-chocolat-subscriptions-covid-online-store
https://www.theguardian.com/world/coronavirus-outbreak?page=10,"Covid-related pupil absences in England jump to 840,000",2021-07-13T12:39:37+0000,https://www.theguardian.com/education/2021/jul/13/covid-related-pupil-absences-in-england-jump-to-840000
https://www.theguardian.com/world/coronavirus-outbreak?page=10,US officials call for more data on vaccine boosters as Pfizer pushes for third shot,2021-07-13T12:29:08+0000,https://www.theguardian.com/world/2021/jul/13/coronavirus-vaccine-boosters-pfizer-fauci
https://www.theguardian.com/world/coronavirus-outbreak?page=10,Covid-19: do we need to reframe the way we think about restrictions? - podcast,2021-07-13T11:53:31+0000,https://www.theguardian.com/science/audio/2021/jul/13/covid-19-do-we-need-to-reframe-the-way-we-think-about-restrictions-podcast
https://www.theguardian.com/world/coronavirus-outbreak?page=10,‘Beg for every scrap’: Victoria fumes after Morrison and NSW unveil $500m a week Covid lockdown package,2021-07-13T11:46:58+0000,https://www.theguardian.com/australia-news/2021/jul/13/peace-of-mind-morrison-and-nsw-announce-500m-a-week-support-package-for-locked-down-sydney
https://www.theguardian.com/world/coronavirus-outbreak?page=10,South Tyneside health chief warns of ‘vast’ staff losses to self-isolation,2021-07-13T10:37:01+0000,https://www.theguardian.com/world/2021/jul/13/south-tyneside-health-chief-warns-of-vast-staff-losses-to-self-isolation
https://www.theguardian.com/world/coronavirus-outbreak?page=11,France reports rush for vaccines after Macron tightens Covid rules,2021-07-13T10:30:10+0000,https://www.theguardian.com/world/2021/jul/13/france-reports-rush-for-vaccines-after-macron-tightens-covid-rules
https://www.theguardian.com/world/coronavirus-outbreak?page=11,‘There’s a big community spirit’: how Brent is tackling health inequalities during Covid,2021-07-13T10:29:09+0000,https://www.theguardian.com/world/2021/jul/13/theres-a-big-community-spirit-how-brent-is-tackling-health-inequalities-during-covid
https://www.theguardian.com/world/coronavirus-outbreak?page=11,"Covid UK: coronavirus cases, deaths and vaccinations today",2021-07-13T10:24:41+0000,https://www.theguardian.com/world/2021/may/28/covid-uk-coronavirus-cases-deaths-and-vaccinations-today
https://www.theguardian.com/world/coronavirus-outbreak?page=11,Rightwing media war over Covid lockdown escalates as Ray Hadley calls out ‘ridiculous’ Alan Jones,2021-07-13T09:23:55+0000,https://www.theguardian.com/media/2021/jul/13/rightwing-media-war-over-covid-lockdown-escalates-as-ray-hadley-calls-out-ridiculous-alan-jones
https://www.theguardian.com/world/coronavirus-outbreak?page=11,Australian man jailed for two months for breaching Covid self-quarantine orders,2021-07-13T09:01:00+0000,https://www.theguardian.com/australia-news/2021/jul/13/australian-man-jailed-for-two-months-for-breaching-covid-self-quarantine-orders
https://www.theguardian.com/world/coronavirus-outbreak?page=11,New balance: will work be more parent-friendly than ever after the pandemic?,2021-07-13T09:00:39+0000,https://www.theguardian.com/money/2021/jul/13/new-balance-will-work-be-more-parent-friendly-than-ever-after-the-pandemic
https://www.theguardian.com/world/coronavirus-outbreak?page=11,NSW records 89 new cases and one death as Morrison announces Covid support package – as it happened,2021-07-13T08:56:20+0000,https://www.theguardian.com/australia-news/live/2021/jul/13/australia-covid-live-updates-nsw-sydney-lockdown-financial-support-package-coronavirus-gladys-berejiklian-scott-morrison-pfizer-atagi-astrazeneca-vaccine-exposure-sites-in-victoria-removalist
https://www.theguardian.com/world/coronavirus-outbreak?page=11,Olympics chief mixes up Japanese and Chinese at Tokyo Games presser,2021-07-13T08:49:25+0000,https://www.theguardian.com/world/2021/jul/13/olympics-chief-refers-to-people-of-japan-as-chinese
https://www.theguardian.com/world/coronavirus-outbreak?page=11,Doctors warn of ‘devastating consequences’ of lifting Covid rules in England,2021-07-13T08:32:22+0000,https://www.theguardian.com/world/2021/jul/13/doctors-warn-of-devastating-consequences-of-lifting-covid-rules-in-england
https://www.theguardian.com/world/coronavirus-outbreak?page=11,Boris Johnson gave two reasons for lifting all restrictions. Both are wrong,2021-07-13T08:00:38+0000,https://www.theguardian.com/commentisfree/2021/jul/13/covid-numbers-england-freedom-day-dont-add-up-strain-nhs
https://www.theguardian.com/world/coronavirus-outbreak?page=11,"Shopping at retail parks near pre-Covid levels, says British Land ",2021-07-13T07:37:30+0000,https://www.theguardian.com/business/2021/jul/13/shopping-retail-parks-covid-british-land
https://www.theguardian.com/world/coronavirus-outbreak?page=11,India’s Covid vaccine rollout hit by hesitancy and supply snags,2021-07-13T07:28:16+0000,https://www.theguardian.com/world/2021/jul/13/india-covid-vaccine-rollout-hit-by-hesitancy-and-supply-snags
https://www.theguardian.com/world/coronavirus-outbreak?page=11,NSW reports 89 new cases and second death as mandatory testing brought in for Fairfield workers,2021-07-13T07:11:20+0000,https://www.theguardian.com/australia-news/2021/jul/13/nsw-covid-update-89-new-cases-and-second-death-as-mandatory-testing-brought-in-for-fairfield-workers
https://www.theguardian.com/world/coronavirus-outbreak?page=11,Scott Morrison announces economic package for NSW amid Covid-19 lockdown – video,2021-07-13T06:00:36+0000,https://www.theguardian.com/australia-news/video/2021/jul/13/scott-morrison-announces-economic-package-for-nsw-amid-covid-19-lockdown-video
https://www.theguardian.com/world/coronavirus-outbreak?page=11,Dozens killed after fire rips through Iraqi Covid-19 hospital – video,2021-07-13T06:00:35+0000,https://www.theguardian.com/world/video/2021/jul/13/dozens-killed-after-fire-rips-through-iraqi-covid-19-hospital-video
https://www.theguardian.com/world/coronavirus-outbreak?page=11,NSW government refuses to define an 'essential worker' in Sydney lockdown restrictions – video,2021-07-13T05:59:59+0000,https://www.theguardian.com/australia-news/video/2021/jul/13/nsw-government-refuses-to-define-an-essential-worker-in-sydney-lockdown-restrictions-video
https://www.theguardian.com/world/coronavirus-outbreak?page=11,‘We can do anything’: the Indian girls’ movement fighting child marriage,2021-07-13T05:00:36+0000,https://www.theguardian.com/global-development/2021/jul/13/the-indian-girls-movement-fighting-child-marriage
https://www.theguardian.com/world/coronavirus-outbreak?page=12,‘Covid has been a big catalyst’: universities plan for post-pandemic life,2021-07-13T05:00:34+0000,https://www.theguardian.com/education/2021/jul/13/covid-has-been-a-big-catalyst-universities-plan-for-post-pandemic-life
https://www.theguardian.com/world/coronavirus-outbreak?page=12,"Fairfield essential workers must get Covid test every three days, NSW premier says – video",2021-07-12T23:46:54+0000,https://www.theguardian.com/australia-news/video/2021/jul/13/fairfield-essential-workers-must-get-covid-test-every-three-days-nsw-premier-says-video
https://www.theguardian.com/world/coronavirus-outbreak?page=12,Two apartment blocks in hard lockdown in Sydney and Melbourne to contain Covid outbreak,2021-07-12T23:31:10+0000,https://www.theguardian.com/australia-news/2021/jul/13/two-apartment-blocks-in-hard-lockdown-in-sydney-and-melbourne-to-contain-covid-outbreak
https://www.theguardian.com/world/coronavirus-outbreak?page=12,France and Greece to mandate jabs for healthcare staff – as it happened,2021-07-12T21:46:21+0000,https://www.theguardian.com/world/live/2021/jul/12/coronavirus-live-news-england-toughest-curbs-in-force-in-south-korea-capital-covid
https://www.theguardian.com/world/coronavirus-outbreak?page=12,Boris Johnson urges Covid caution amid warnings of 200 deaths a day ,2021-07-12T21:38:45+0000,https://www.theguardian.com/politics/2021/jul/12/boris-johnson-urges-covid-caution-amid-warnings-of-1000-hospitalisations-a-day
https://www.theguardian.com/world/coronavirus-outbreak?page=12,Dozens die after fire in Covid isolation ward at hospital in southern Iraq,2021-07-12T21:30:24+0000,https://www.theguardian.com/world/2021/jul/12/dozens-die-after-fire-in-covid-isolation-ward-at-hospital-in-southern-iraq
https://www.theguardian.com/world/coronavirus-outbreak?page=12,"Disadvantaged children lose out on 24m free school meals, says Labour",2021-07-12T21:07:56+0000,https://www.theguardian.com/education/2021/jul/12/disadvantaged-children-lose-out-on-24m-free-school-meals-says-labour
https://www.theguardian.com/world/coronavirus-outbreak?page=12,France mandates Covid health pass for restaurants and cafés,2021-07-12T19:23:34+0000,https://www.theguardian.com/world/2021/jul/12/france-mandates-covid-health-pass-for-restaurants-and-cafes
https://www.theguardian.com/world/coronavirus-outbreak?page=12,From freedom to caution: a week of mixed messages on Covid reopening,2021-07-12T19:22:17+0000,https://www.theguardian.com/politics/2021/jul/12/from-freedom-to-caution-a-week-of-mixed-messages-on-covid-reopening
https://www.theguardian.com/world/coronavirus-outbreak?page=12,"Rise in Covid cases will put intense pressure on NHS, bosses warn",2021-07-12T19:02:26+0000,https://www.theguardian.com/world/2021/jul/12/rise-in-covid-cases-will-put-intense-pressure-on-nhs-bosses-warn
https://www.theguardian.com/world/coronavirus-outbreak?page=12,Dutch PM sorry for early reopening as France tightens Covid rules,2021-07-12T18:47:46+0000,https://www.theguardian.com/world/2021/jul/12/eu-nations-reimpose-covid-measures-as-cases-surge
https://www.theguardian.com/world/coronavirus-outbreak?page=12,Pfizer pushes for US booster shots as WHO says greed is driving vaccine disparities,2021-07-12T18:38:59+0000,https://www.theguardian.com/world/2021/jul/12/coronavirus-pfizer-booster-vaccine-who-disparities
https://www.theguardian.com/world/coronavirus-outbreak?page=12,Retail and hospitality firms want more clarity on Covid guidelines after 19 July,2021-07-12T18:12:21+0000,https://www.theguardian.com/business/2021/jul/12/retail-and-hospitality-firms-want-more-clarity-on-covid-guidelines-after-19-july-england
https://www.theguardian.com/world/coronavirus-outbreak?page=12,The Guardian view on Covid curbs ending: Tory MPs are happy; many Britons are not,2021-07-12T18:11:52+0000,https://www.theguardian.com/commentisfree/2021/jul/12/the-guardian-view-on-covid-curbs-ending-tory-mps-are-happy-many-britons-are-not
https://www.theguardian.com/world/coronavirus-outbreak?page=12,"Investigate Amazon over pandemic ‘price gouging’, says Unite",2021-07-12T17:59:11+0000,https://www.theguardian.com/technology/2021/jul/12/investigate-amazon-over-pandemic-price-gouging-says-unite
https://www.theguardian.com/world/coronavirus-outbreak?page=12,"Ryanair to recruit 2,000 pilots over next three years after planes order",2021-07-12T17:41:19+0000,https://www.theguardian.com/business/2021/jul/12/ryanair-to-recruit-2000-pilots-over-next-three-years-after-planes-order
https://www.theguardian.com/world/coronavirus-outbreak?page=12,"UK Covid: Johnson urges people to take unlocking ‘as slowly as we can’ amid 34,471 new cases – as it happened",2021-07-12T17:37:26+0000,https://www.theguardian.com/politics/live/2021/jul/12/uk-covid-news-19-july-england-latest-updates
https://www.theguardian.com/world/coronavirus-outbreak?page=12,'This pandemic is not over': Boris Johnson urges urges caution ahead of 19 July – video,2021-07-12T17:30:21+0000,https://www.theguardian.com/politics/video/2021/jul/12/this-pandemic-is-not-over-boris-johnson-urges-caution-ahead-of-19-july-reopening-video
https://www.theguardian.com/world/coronavirus-outbreak?page=13,"Income support for casual workers essential to avoid extended Sydney lockdown, unions say",2021-07-12T17:30:20+0000,https://www.theguardian.com/world/2021/jul/13/income-support-for-casual-workers-essential-to-avoid-extended-sydney-lockdown-unions-say
https://www.theguardian.com/world/coronavirus-outbreak?page=13,New Covid assistance package for Sydney businesses and residents,2021-07-12T17:30:20+0000,https://www.theguardian.com/world/2021/jul/13/new-covid-assistance-package-for-sydney-businesses-and-residents
https://www.theguardian.com/world/coronavirus-outbreak?page=13,Stokes fears England players could miss out on the Hundred due to Covid-19,2021-07-12T17:01:47+0000,https://www.theguardian.com/sport/2021/jul/12/ben-stokes-the-hundred-would-be-devastating-for-england-test-players
https://www.theguardian.com/world/coronavirus-outbreak?page=13,Health secretary Sajid Javid confirms lifting of Covid restrictions in England on 19 July – video,2021-07-12T16:20:31+0000,https://www.theguardian.com/politics/video/2021/jul/12/health-secretary-sajid-javid-confirms-lifting-of-covid-restrictions-in-england-on-19-july-video
https://www.theguardian.com/world/coronavirus-outbreak?page=13,House of Commons to return to ‘full capacity’ for PMQs on 21 July,2021-07-12T16:17:45+0000,https://www.theguardian.com/politics/2021/jul/12/house-of-commons-to-return-to-full-capacity-for-pmqs-on-21-july
https://www.theguardian.com/world/coronavirus-outbreak?page=13,Sajid Javid confirms 19 July plan to lift Covid restrictions in England,2021-07-12T15:59:40+0000,https://www.theguardian.com/world/2021/jul/12/sajid-javid-confirms-19-july-plan-to-lift-covid-restrictions-in-england
https://www.theguardian.com/world/coronavirus-outbreak?page=13,‘I’m frightened’: readers at greater risk from Covid share their thoughts,2021-07-12T14:50:59+0000,https://www.theguardian.com/world/2021/jul/12/frightened-readers-risk-ill-covid-share-thoughts-health-condition
https://www.theguardian.com/world/coronavirus-outbreak?page=13,From masks to self-isolation: which Covid rules will change in England on 19 July?,2021-07-12T13:50:18+0000,https://www.theguardian.com/world/2021/jul/12/from-masks-to-self-isolation-which-covid-rules-will-change-in-england-on-19-july
https://www.theguardian.com/world/coronavirus-outbreak?page=13,Almost one in three globally go hungry during pandemic – UN,2021-07-12T13:19:02+0000,https://www.theguardian.com/global-development/2021/jul/12/almost-one-in-three-globally-go-hungry-during-pandemic-un
https://www.theguardian.com/world/coronavirus-outbreak?page=13,Troops called in after jailing of Zuma ignites violence and looting,2021-07-12T12:46:56+0000,https://www.theguardian.com/world/2021/jul/12/arson-looting-fourth-day-jacob-zuma-jailing-south-africa
https://www.theguardian.com/world/coronavirus-outbreak?page=13,‘Devastating’: WHO scientist condemns Euro 2020 final over Covid risk,2021-07-12T11:17:04+0000,https://www.theguardian.com/world/2021/jul/12/devastating-who-scientist-condemns-euro-2020-final
https://www.theguardian.com/world/coronavirus-outbreak?page=13,No Permission to Dance: South Korea Covid rules enforce slower music in gyms,2021-07-12T10:55:57+0000,https://www.theguardian.com/world/2021/jul/12/no-gangnam-style-south-korea-covid-rules-enforce-slower-music-gyms
https://www.theguardian.com/world/coronavirus-outbreak?page=13,Many new dog owners in UK hope to bring pet into work as lockdown eases,2021-07-12T10:00:11+0000,https://www.theguardian.com/lifeandstyle/2021/jul/12/new-dog-owners-hope-pets-office-welcome-home-alone
https://www.theguardian.com/world/coronavirus-outbreak?page=13,What science has to say about talking to yourself in lockdown,2021-07-12T09:50:52+0000,https://www.theguardian.com/commentisfree/2021/jul/12/talking-to-yourself-lockdown-conversation
https://www.theguardian.com/world/coronavirus-outbreak?page=13,Victoria Covid news update: three new cases after arrival of positive travellers from NSW ,2021-07-12T09:30:38+0000,https://www.theguardian.com/australia-news/2021/jul/12/victoria-records-three-new-cases-after-arrival-of-covid-positive-travellers-from-nsw
https://www.theguardian.com/world/coronavirus-outbreak?page=13,High risk people in England: how do you feel about the lifting of Covid restrictions?,2021-07-12T09:30:10+0000,https://www.theguardian.com/world/2021/jul/12/high-risk-people-in-england-how-do-you-feel-about-the-lifting-of-covid-restrictions
https://www.theguardian.com/world/coronavirus-outbreak?page=13,Hygiene theatre: how excessive cleaning gives us a false sense of security,2021-07-12T09:29:36+0000,https://www.theguardian.com/society/2021/jul/12/hygiene-theatre-how-excessive-cleaning-gives-us-a-false-sense-of-security
https://www.theguardian.com/world/coronavirus-outbreak?page=13,‘Don’t wait’: What you need to know about getting the second AstraZeneca shot earlier,2021-07-12T09:24:41+0000,https://www.theguardian.com/australia-news/2021/jul/12/dont-wait-what-you-need-to-know-about-getting-the-second-astrazeneca-shot-earlier
https://www.theguardian.com/world/coronavirus-outbreak?page=13,"New South Wales announces 112 new infections, new vaccine hubs; positive removalist travelled to Vic, SA – as it happened",2021-07-12T08:41:36+0000,https://www.theguardian.com/australia-news/live/2021/jul/12/australia-covid-news-live-nsw-sydney-lockdown-morrison-albanese-berejiklian
https://www.theguardian.com/world/coronavirus-outbreak?page=14,NSW premier signals boosted business support and hints state independently sought vaccine supplies,2021-07-12T08:28:25+0000,https://www.theguardian.com/australia-news/2021/jul/12/nsw-premier-signals-boosted-business-support-and-hints-state-independently-sought-vaccine-supplies
https://www.theguardian.com/world/coronavirus-outbreak?page=14,Taiwan tech companies buy 10m Covid vaccine doses in deal that sidesteps China,2021-07-12T07:58:19+0000,https://www.theguardian.com/world/2021/jul/12/taiwan-tech-companies-buy-10m-covid-vaccine-doses-in-deal-that-sidesteps-china
https://www.theguardian.com/world/coronavirus-outbreak?page=14,Why don’t we tell the truth about vaccination in ads? Quite a shock but I’ve heard it can work,2021-07-12T07:44:09+0000,https://www.theguardian.com/commentisfree/2021/jul/12/why-dont-we-tell-the-truth-about-vaccination-in-ads-quite-a-shock-but-ive-heard-it-can-work
https://www.theguardian.com/world/coronavirus-outbreak?page=14,Morrison government silent on contact with Pfizer global chief after Kevin Rudd intervenes in vaccine talks,2021-07-12T06:08:02+0000,https://www.theguardian.com/australia-news/2021/jul/12/morrison-government-silent-on-contact-with-pfizer-global-chief-after-kevin-rudd-intervenes-in-vaccine-talks
https://www.theguardian.com/world/coronavirus-outbreak?page=14,Long Covid: rogue antibody discovery raises hope of blood test,2021-07-12T06:00:06+0000,https://www.theguardian.com/society/2021/jul/12/long-covid-rogue-antibody-discovery-raises-hope-of-blood-test
https://www.theguardian.com/world/coronavirus-outbreak?page=14,Australian ad showing Covid patient gasping for air ‘could increase vaccine hesitancy’,2021-07-12T05:03:16+0000,https://www.theguardian.com/australia-news/2021/jul/12/australian-ad-showing-covid-patient-gasping-for-air-could-increase-vaccine-hesitancy
https://www.theguardian.com/world/coronavirus-outbreak?page=14,UK business confidence jumps ahead of 19 July lockdown lifting,2021-07-12T05:01:05+0000,https://www.theguardian.com/business/2021/jul/12/uk-business-confidence-jumps-ahead-of-19-july-lockdown-lifting
https://www.theguardian.com/world/coronavirus-outbreak?page=14,"UK wealth gap widens in pandemic as richest get £50,000 windfall ",2021-07-12T05:01:05+0000,https://www.theguardian.com/business/2021/jul/12/uk-wealth-gap-widens-in-pandemic-as-richest-get-50000-windfall
https://www.theguardian.com/world/coronavirus-outbreak?page=14,"Wales and Cumbria top UK summer destination list, survey finds",2021-07-12T05:01:05+0000,https://www.theguardian.com/business/2021/jul/12/wales-and-cumbria-top-uk-summer-destination-list-survey-finds
https://www.theguardian.com/world/coronavirus-outbreak?page=14,"Flu jab may reduce severe effects of Covid, suggests study",2021-07-12T05:00:05+0000,https://www.theguardian.com/science/2021/jul/12/flu-jab-may-reduce-severe-effects-of-covid-suggests-study
https://www.theguardian.com/world/coronavirus-outbreak?page=14,Gladys Berejiklian hints NSW may have made its own efforts to procure vaccines – video,2021-07-12T03:32:54+0000,https://www.theguardian.com/australia-news/video/2021/jul/12/gladys-berejiklian-hints-nsw-may-have-made-its-own-efforts-to-procure-vaccines-video
https://www.theguardian.com/world/coronavirus-outbreak?page=14,NSW Covid update: vaccination hubs to offer over-40s AstraZeneca after 112 new cases recorded in Sydney,2021-07-12T01:51:31+0000,https://www.theguardian.com/australia-news/2021/jul/12/nsw-covid-update-vaccination-hubs-to-offer-over-40s-astrazeneca-after-112-new-cases-recorded-in-sydney
https://www.theguardian.com/world/coronavirus-outbreak?page=14,The people searching for missing family members during the pandemic,2021-07-11T23:01:04+0000,https://www.theguardian.com/news/audio/2021/jul/12/the-people-searching-for-missing-family-members-during-the-pandemic
https://www.theguardian.com/world/coronavirus-outbreak?page=14,"WA, NT and SA Covid restrictions: update to coronavirus rules for Perth and Peel region, Darwin and South Australia",2021-07-11T22:53:59+0000,https://www.theguardian.com/australia-news/2021/jul/12/wa-nt-covid-19-lockdown-perth-peel-darwin-restrictions-western-australia-northern-territory-palmerston-litchfield-coronavirus-rules-update-south-sa-adelaide
https://www.theguardian.com/world/coronavirus-outbreak?page=14,Over three-quarters of Britons re-evaluate their lives during Covid,2021-07-11T21:30:02+0000,https://www.theguardian.com/world/2021/jul/12/over-three-quarters-britons-re-evaluate-lives-covid
https://www.theguardian.com/world/coronavirus-outbreak?page=14,"Covid live news: UK reports 31,772 daily infections and 26 new deaths; new restrictions in Libya after record cases",2021-07-11T19:37:44+0000,https://www.theguardian.com/world/live/2021/jul/11/coronavirus-live-news-covid-uk-health-latest-updates
https://www.theguardian.com/world/coronavirus-outbreak?page=14,"Covid unlocking on 19 July must come with a warning, says Johnson",2021-07-11T18:26:11+0000,https://www.theguardian.com/world/2021/jul/11/covid-unlocking-come-warning-boris-johnson-caution-nhs
https://www.theguardian.com/world/coronavirus-outbreak?page=14,Bubba Watson and Hideki Matsuyama out of Open with Covid problems,2021-07-11T18:12:25+0000,https://www.theguardian.com/sport/2021/jul/11/hideki-matsuyama-withdraws-from-open-covid
https://www.theguardian.com/world/coronavirus-outbreak?page=15,‘Inadequate’: Covid breaches on the rise in Australia’s hotel quarantine ,2021-07-11T17:30:51+0000,https://www.theguardian.com/news/datablog/2021/jul/12/inadequate-covid-breaches-on-the-rise-in-australias-hotel-quarantine
https://www.theguardian.com/world/coronavirus-outbreak?page=15,"For many of us, ‘freedom day’ will be no such thing",2021-07-11T15:47:45+0000,https://www.theguardian.com/world/2021/jul/11/for-many-of-us-freedom-day-will-be-no-such-thing
https://www.theguardian.com/world/coronavirus-outbreak?page=15,Sean Penn criticises Donald Trump's handling of coronavirus pandemic – video,2021-07-11T14:36:49+0000,https://www.theguardian.com/film/video/2021/jul/11/sean-penn-criticises-donald-trumps-handling-of-coronavirus-pandemic-video
https://www.theguardian.com/world/coronavirus-outbreak?page=15,Ugandan minister blames west for Covid vaccine shortage,2021-07-11T14:29:17+0000,https://www.theguardian.com/world/2021/jul/11/ugandan-minister-blames-west-for-countrys-covid-vaccine-shortage
https://www.theguardian.com/world/coronavirus-outbreak?page=15,Napier barracks staff feared asylum seekers might die from Covid,2021-07-11T14:00:47+0000,https://www.theguardian.com/uk-news/2021/jul/11/napier-barracks-staff-asylum-seekers-die-covid-health
https://www.theguardian.com/world/coronavirus-outbreak?page=15,The NHS is already overstretched – dropping Covid restrictions will spell disaster for patients,2021-07-11T12:00:44+0000,https://www.theguardian.com/commentisfree/2021/jul/11/nhs-dropping-covid-restrictions-patients-backlog
https://www.theguardian.com/world/coronavirus-outbreak?page=15,Tory MP fears Boris Johnson will delay Covid restrictions needed after summer,2021-07-11T11:49:57+0000,https://www.theguardian.com/politics/2021/jul/11/tory-mp-fears-boris-johnson-will-delay-covid-restrictions-needed-after-summer
https://www.theguardian.com/world/coronavirus-outbreak?page=15,‘Openly neglected by an obscene administration’: Sean Penn criticises Trump’s handling of pandemic,2021-07-11T11:09:53+0000,https://www.theguardian.com/film/2021/jul/11/openly-neglected-by-an-obscene-administration-sean-penn-criticises-trumps-handling-of-pandemic
https://www.theguardian.com/world/coronavirus-outbreak?page=15,Vaccines minister says mask wearing will be 'expected' after 19 July – video,2021-07-11T11:05:50+0000,https://www.theguardian.com/uk-news/video/2021/jul/11/vaccines-minister-mask-covid-expected-19-july-video
https://www.theguardian.com/world/coronavirus-outbreak?page=15,I’m an intensive care doctor. Covid patients are younger this time,2021-07-11T11:01:38+0000,https://www.theguardian.com/society/2021/jul/09/im-an-ae-doctor-covid-patients-are-younger-this-time
https://www.theguardian.com/world/coronavirus-outbreak?page=15,UK food worker shortages push prices up and risk Christmas turkey supplies,2021-07-11T10:21:51+0000,https://www.theguardian.com/business/2021/jul/11/uk-food-worker-shortages-push-prices-up-and-risk-christmas-turkey-supplies
https://www.theguardian.com/world/coronavirus-outbreak?page=15,Israel offers Covid vaccine booster shots to at-risk adults,2021-07-11T10:03:48+0000,https://www.theguardian.com/world/2021/jul/11/israel-offers-covid-vaccine-booster-shots-to-at-risk-adults
https://www.theguardian.com/world/coronavirus-outbreak?page=15,Nadhim Zahawi says mask wearing will be ‘expected’ after 19 July,2021-07-11T10:00:42+0000,https://www.theguardian.com/world/2021/jul/11/zahawi-covid-reopening-going-ahead-on-19-july-but-mask-wearing-expected
https://www.theguardian.com/world/coronavirus-outbreak?page=15,Irish people in Great Britain to get green light to visit friends and family,2021-07-11T09:45:42+0000,https://www.theguardian.com/politics/2021/jul/11/irish-people-in-britain-to-get-green-light-to-visit-friends-and-family
https://www.theguardian.com/world/coronavirus-outbreak?page=15,Covid-19 lockdowns may be making us more authoritarian,2021-07-11T09:41:48+0000,https://www.theguardian.com/commentisfree/2021/jul/11/covid-lockdowns-may-make-us-more-authoritarian
https://www.theguardian.com/world/coronavirus-outbreak?page=15,My time in Taiwan shows the virus will exploit any hint of complacency,2021-07-11T09:30:41+0000,https://www.theguardian.com/world/commentisfree/2021/jul/11/my-year-in-taiwan-shows-the-virus-will-exploit-any-hint-of-complacency
https://www.theguardian.com/world/coronavirus-outbreak?page=15,England’s 19 July reopening may boost UK plc but a longer-term approach is needed,2021-07-11T09:15:41+0000,https://www.theguardian.com/business/2021/jul/11/englands-19-july-reopening-may-boost-uk-plc-but-a-longer-term-approach-is-needed
https://www.theguardian.com/world/coronavirus-outbreak?page=15,Rise in UK car insurance predicted as drivers return to road after lockdown,2021-07-11T09:00:42+0000,https://www.theguardian.com/money/2021/jul/11/rise-in-uk-car-insurance-predicted-as-drivers-return-to-road-after-lockdown
https://www.theguardian.com/world/coronavirus-outbreak?page=16,Festivals warn: change self-isolation rules or our staff will just ignore them,2021-07-11T09:00:42+0000,https://www.theguardian.com/world/2021/jul/11/festivals-warn-change-self-isolation-rules-or-our-staff-will-just-ignore-them
https://www.theguardian.com/world/coronavirus-outbreak?page=16,History offers little guide to how we should escape from Covid’s clutches,2021-07-11T09:00:41+0000,https://www.theguardian.com/commentisfree/2021/jul/11/history-offers-little-guide-to-how-we-should-escape-from-covids-clutches
https://www.theguardian.com/world/coronavirus-outbreak?page=16,Freedom day? Boris Johnson faces a tough call as Covid cases soar,2021-07-11T08:00:40+0000,https://www.theguardian.com/world/2021/jul/11/freedom-day-boris-johnson-faces-a-tough-call-as-covid-cases-soar
https://www.theguardian.com/world/coronavirus-outbreak?page=16,NSW records 77 new cases and one death as new mask and travel rules issued – as it happened,2021-07-11T07:42:42+0000,https://www.theguardian.com/australia-news/live/2021/jul/11/australia-covid-update-live-dozens-of-exposure-sites-across-sydney-announced-overnight-and-new-mask-rules-issued
https://www.theguardian.com/world/coronavirus-outbreak?page=16,NSW urges people to bring forward second AstraZeneca dose to six weeks ,2021-07-11T07:17:29+0000,https://www.theguardian.com/australia-news/2021/jul/11/nsw-urges-people-to-bring-forward-second-astrazeneca-dose-to-six-weeks-from-first
https://www.theguardian.com/world/coronavirus-outbreak?page=16,Therapists report huge rise in cases of anxiety as England ends Covid rules,2021-07-11T07:15:39+0000,https://www.theguardian.com/world/2021/jul/11/therapists-report-huge-rise-in-cases-of-anxiety-as-england-ends-covid-rules
https://www.theguardian.com/world/coronavirus-outbreak?page=16,Surge in Sydney cases leads to Australia’s first locally acquired Covid death of the year,2021-07-11T07:13:59+0000,https://www.theguardian.com/australia-news/2021/jul/11/surge-in-sydney-cases-leads-to-first-locally-acquired-covid-death-of-the-year
https://www.theguardian.com/world/coronavirus-outbreak?page=16,"Jobs, marriages, cities – we are quitting them in our droves",2021-07-11T07:00:40+0000,https://www.theguardian.com/lifeandstyle/2021/jul/11/jobs-marriages-cities-we-are-quitting-them-in-our-droves
https://www.theguardian.com/world/coronavirus-outbreak?page=16,Should all contacts of Covid cases go into self-isolation?,2021-07-11T07:00:39+0000,https://www.theguardian.com/theobserver/commentisfree/2021/jul/11/should-all-contacts-of-covid-cases-go-into-self-isolation
https://www.theguardian.com/world/coronavirus-outbreak?page=16,Vaxxers by Sarah Gilbert and Catherine Green; Until Proven Safe by Geoff Manaugh and Nicola Twilley – reviews,2021-07-11T06:00:39+0000,https://www.theguardian.com/books/2021/jul/11/vaxxers-by-sarah-gilbert-and-catherine-green-until-proven-safe-by-geoff-manaugh-and-nicola-twilley-reviews
https://www.theguardian.com/world/coronavirus-outbreak?page=16,More sex. Fewer fights. Has the pandemic actually been good for relationships?,2021-07-11T06:00:38+0000,https://www.theguardian.com/us-news/2021/jul/11/couples-relationships-pandemic-romance
https://www.theguardian.com/world/coronavirus-outbreak?page=16,"Even if Covid hits shares, we must not inflate another cheap-money bubble",2021-07-11T06:00:38+0000,https://www.theguardian.com/business/2021/jul/11/even-if-covid-hits-shares-we-must-not-inflate-another-cheap-money-bubble
https://www.theguardian.com/world/coronavirus-outbreak?page=16,Is it wise to lift England’s Covid restrictions fully?,2021-07-11T06:00:37+0000,https://www.theguardian.com/world/commentisfree/2021/jul/11/is-it-wise-to-lift-englands-covid-restrictions-fully
https://www.theguardian.com/world/coronavirus-outbreak?page=16,‘Their childhood has been stolen’: calls for action to tackle long Covid ,2021-07-11T05:45:37+0000,https://www.theguardian.com/society/2021/jul/11/their-childhood-has-been-stolen-calls-for-action-to-tackle-long-covid
https://www.theguardian.com/world/coronavirus-outbreak?page=16,"Global Covid: woman dies in Sydney’s Delta outbreak, 745 new cases in Germany",2021-07-11T05:23:13+0000,https://www.theguardian.com/world/2021/jul/11/global-covid-woman-dies-in-sydneys-delta-outbreak-745-new-cases-in-germany
https://www.theguardian.com/world/coronavirus-outbreak?page=16,Malta’s ban on visitors without two jabs raises fears of tourist restrictions across Europe,2021-07-11T05:10:36+0000,https://www.theguardian.com/world/2021/jul/11/maltas-ban-on-visitors-without-two-jabs-raises-fears-of-tourist-restrictions-across-europe
https://www.theguardian.com/world/coronavirus-outbreak?page=16,Federal government considers further assistance for states and territories during Covid outbreaks,2021-07-11T05:02:06+0000,https://www.theguardian.com/business/2021/jul/11/federal-government-considers-further-assistance-for-states-and-territories-during-covid-outbreaks
https://www.theguardian.com/world/coronavirus-outbreak?page=16,The Observer view on 19 July’s relaxation of Covid restrictions,2021-07-11T05:00:36+0000,https://www.theguardian.com/commentisfree/2021/jul/11/19-july-relaxation-covid-restrictions-boris-johnson-gamble-dates-not-data
https://www.theguardian.com/world/coronavirus-outbreak?page=16,Anthony Albanese mocks Coalition’s new Covid vaccine ad as revamped campaign falls flat,2021-07-11T03:21:16+0000,https://www.theguardian.com/australia-news/2021/jul/11/anthony-albanese-mocks-coalitions-new-covid-vaccine-ad-as-revamped-campaign-falls-flat
https://www.theguardian.com/world/coronavirus-outbreak?page=16,"Woman, 90, infected with Alpha and Beta Covid variants at the same time",2021-07-11T00:46:13+0000,https://www.theguardian.com/world/2021/jul/11/woman-90-infected-with-alpha-and-beta-covid-variants-at-the-same-time
https://www.theguardian.com/world/coronavirus-outbreak?page=17,Coronavirus live: Mexico records 232 more deaths in third wave; UK daily death toll rises to 34 – as it happened,2021-07-10T22:54:16+0000,https://www.theguardian.com/uk-news/live/2021/jul/10/coronavirus-live-expert-warns-situation-will-worsen-in-england-seoul-heads-for-lockdown-as-cases-surge
https://www.theguardian.com/world/coronavirus-outbreak?page=17,Public Health England accused of misleading cancer patients on Covid jab,2021-07-10T22:34:13+0000,https://www.theguardian.com/world/2021/jul/10/public-health-england-accused-of-misleading-cancer-patients-on-covid-jab
https://www.theguardian.com/world/coronavirus-outbreak?page=17,Sajid Javid warns NHS waiting lists backlog could reach 13m,2021-07-10T21:58:57+0000,https://www.theguardian.com/politics/2021/jul/10/sajid-javid-warns-nhs-waiting-lists-backlog-could-reach-13m
https://www.theguardian.com/world/coronavirus-outbreak?page=17,"General confusion: who is John Frewen, and what is his role in Australia’s vaccine rollout?",2021-07-10T20:00:25+0000,https://www.theguardian.com/australia-news/2021/jul/11/general-confusion-who-is-john-frewen-and-what-is-his-role-in-australias-vaccine-rollout
https://www.theguardian.com/world/coronavirus-outbreak?page=17,Public alarm grows at Boris Johnson’s plan for Covid ‘freedom day’,2021-07-10T19:00:24+0000,https://www.theguardian.com/world/2021/jul/10/public-alarm-grows-at-boris-johnsons-plan-for-covid-freedom-day
https://www.theguardian.com/world/coronavirus-outbreak?page=17,The pressure’s on the Three Lions – cartoon,2021-07-10T17:00:22+0000,https://www.theguardian.com/commentisfree/picture/2021/jul/10/the-pressures-on-the-three-lions-cartoon
https://www.theguardian.com/world/coronavirus-outbreak?page=17,Staff shortages force restaurants and pubs to face ‘freedom day’ with fear,2021-07-10T15:00:19+0000,https://www.theguardian.com/business/2021/jul/10/staff-shortages-force-restaurants-and-pubs-to-face-freedom-day-with-fear
https://www.theguardian.com/world/coronavirus-outbreak?page=17,Shifting sands of recovery make the way unclear for the service sector,2021-07-10T15:00:19+0000,https://www.theguardian.com/business/2021/jul/10/shifting-sands-of-recovery-make-the-way-unclear-for-the-service-sector
https://www.theguardian.com/world/coronavirus-outbreak?page=17,G20 backs crackdown on multinationals’ use of tax havens,2021-07-10T12:53:15+0000,https://www.theguardian.com/world/2021/jul/10/g20-backs-crackdown-on-multinationals-use-of-tax-havens
https://www.theguardian.com/world/coronavirus-outbreak?page=17,Ursula von der Leyen says EU has reached Covid vaccine target,2021-07-10T11:40:06+0000,https://www.theguardian.com/world/2021/jul/10/ursula-von-der-leyen-says-eu-has-reached-covid-vaccine-target
https://www.theguardian.com/world/coronavirus-outbreak?page=17,Vaccinated NHS staff could forgo Covid isolation amid staffing shortages,2021-07-10T10:11:01+0000,https://www.theguardian.com/world/2021/jul/10/vaccinated-nhs-staff-could-forgo-covid-isolation-amid-staffing-shortages
https://www.theguardian.com/world/coronavirus-outbreak?page=17,US community colleges see ‘chilling’ decline in enrollment during pandemic,2021-07-10T10:00:15+0000,https://www.theguardian.com/us-news/2021/jul/10/us-community-college-enrollment-rates-pandemic
https://www.theguardian.com/world/coronavirus-outbreak?page=17,Covid: How to watch the England v Italy Euro 2020 final safely,2021-07-10T10:00:14+0000,https://www.theguardian.com/football/2021/jul/10/covid-how-to-watch-the-england-v-italy-euro-2020-final-safely
https://www.theguardian.com/world/coronavirus-outbreak?page=17,Africa shouldn’t be forced to go it alone when it comes to Covid vaccines,2021-07-10T10:00:14+0000,https://www.theguardian.com/commentisfree/2021/jul/10/africa-covid-vaccines-europe-us
https://www.theguardian.com/world/coronavirus-outbreak?page=17,Government announces 50 new cases amid fears of extended lockdown – as it happened,2021-07-10T08:05:31+0000,https://www.theguardian.com/australia-news/live/2021/jul/10/australia-covid-live-news-updates-nsw-crisis-widens-amid-fears-of-extended-lockdown
https://www.theguardian.com/world/coronavirus-outbreak?page=17,Covid ‘freedom day’ means nothing of the sort for clinically vulnerable people,2021-07-10T08:00:11+0000,https://www.theguardian.com/commentisfree/2021/jul/10/covid-freedom-day-clinically-vulnerable-people-face-masks-england
https://www.theguardian.com/world/coronavirus-outbreak?page=17,Remember hand shakes and small talk? The lost art of living with strangers,2021-07-10T08:00:11+0000,https://www.theguardian.com/books/2021/jul/10/remember-hand-shakes-and-small-talk-the-lost-art-of-living-with-strangers
https://www.theguardian.com/world/coronavirus-outbreak?page=17,England pubs expected to sell 13m pints on Euro 2020 final day,2021-07-10T07:00:09+0000,https://www.theguardian.com/business/2021/jul/10/england-pubs-euro-2020-final-bookings
https://www.theguardian.com/world/coronavirus-outbreak?page=17,Shower scene: NSW police fine man hiding behind curtain as Covid crackdown expands,2021-07-10T06:23:39+0000,https://www.theguardian.com/australia-news/2021/jul/10/shower-scene-nsw-police-fine-man-hiding-behind-curtain-as-covid-crackdown-expands
https://www.theguardian.com/world/coronavirus-outbreak?page=17,Meals by wheels: UK drive-through booms as brands invest in new sites,2021-07-10T06:00:09+0000,https://www.theguardian.com/business/2021/jul/10/meals-by-wheels-uk-drive-through-booms-as-brands-invest-in-new-sites
